node_id,name,original_name,former_name,jurisdiction,jurisdiction_description,company_type,address,internal_id,incorporation_date,inactivation_date,struck_off_date,dorm_date,status,service_provider,ibcRUC,country_codes,countries,sourceID,valid_until,note,node_type
10034912,"BLAIRMORE HOLDINGS, INC.","BLAIRMORE HOLDINGS, INC.",,PMA,Panama,,SG HAMBROS BANK & TRUST (BAHAMAS) LIMITED PO BOX N-7785; LYFORD CAY HOUSE NASSAU; BAHAMAS,2541,04-MAY-1982,,,,Active,Mossack Fonseca,93,BHS,Bahamas,Panama Papers,The Panama Papers data is current through 2015,,company
10063744,DUNEDIN ESTATES OVERSEAS LIMITED,DUNEDIN ESTATES OVERSEAS LIMITED,,BVI,British Virgin Islands,,MINERVA TRUST & CORPORATE SERVICES LIMITED P.O. BOX 218 43-45 LA MOTTE STREET; ST. HELIER JE4 8SD; JERSEY UNITED KINGDOM,517241,09-APR-1996,,,,Active,Mossack Fonseca,182002,JEY,Jersey,Panama Papers,The Panama Papers data is current through 2015,,company
10063908,AL NISR LIMITED,AL NISR LIMITED,,BVI,British Virgin Islands,,MINERVA TRUST & CORPORATE SERVICES LIMITED P.O. BOX 218 43-45 LA MOTTE STREET; ST. HELIER JE4 8SD; JERSEY UNITED KINGDOM,517738,29-MAY-1996,01-NOV-2005,31-OCT-2005,,Defaulted,Mossack Fonseca,186857,JEY,Jersey,Panama Papers,The Panama Papers data is current through 2015,,company
10064597,FOREFRONT INTERNATIONAL LIMITED,FOREFRONT INTERNATIONAL LIMITED,,BVI,British Virgin Islands,,MINERVA TRUST & CORPORATE SERVICES LIMITED P.O. BOX 218 43-45 LA MOTTE STREET; ST. HELIER JE4 8SD; JERSEY UNITED KINGDOM,511309,29-JUN-1994,,,,Active,Mossack Fonseca,121799,JEY,Jersey,Panama Papers,The Panama Papers data is current through 2015,,company
10066739,WOODGATE HOLDINGS LIMITED,WOODGATE HOLDINGS LIMITED,,BVI,British Virgin Islands,,MINERVA TRUST & CORPORATE SERVICES LIMITED P.O. BOX 218 43-45 LA MOTTE STREET; ST. HELIER JE4 8SD; JERSEY UNITED KINGDOM,519534,30-OCT-1996,06-MAY-2014,30-APR-2014,,Defaulted,Mossack Fonseca,204233,JEY,Jersey,Panama Papers,The Panama Papers data is current through 2015,,company
10066743,ENGIZON INCORPORATED,ENGIZON INCORPORATED,,BVI,British Virgin Islands,,MINERVA TRUST & CORPORATE SERVICES LIMITED P.O. BOX 218 43-45 LA MOTTE STREET; ST. HELIER JE4 8SD; JERSEY UNITED KINGDOM,515417,10-OCT-1995,02-MAY-2007,30-APR-2007,,Defaulted,Mossack Fonseca,162870,JEY,Jersey,Panama Papers,The Panama Papers data is current through 2015,,company
10070798,Z & R MANAGEMENT LIMITED,Z & R MANAGEMENT LIMITED,,BVI,British Virgin Islands,,MINERVA TRUST & CORPORATE SERVICES LIMITED P.O. BOX 218 43-45 LA MOTTE STREET; ST. HELIER JE4 8SD; JERSEY UNITED KINGDOM,518460,01-AUG-1996,,,,Active,Mossack Fonseca,194385,JEY,Jersey,Panama Papers,The Panama Papers data is current through 2015,,company
10075780,EBONY FINANCIAL CORP.,EBONY FINANCIAL CORP.,,BVI,British Virgin Islands,,MINERVA TRUST COMPANY (SWITZERLAND) S.A. 6; PLACE DES EAUX-VIVES  1207; GENEVA SWITZERLAND,530517,03-OCT-1997,,,,Active,Mossack Fonseca,251377,CHE,Switzerland,Panama Papers,The Panama Papers data is current through 2015,,company
10078501,LORN CORPORATION,LORN CORPORATION,,BVI,British Virgin Islands,,MINERVA TRUST & CORPORATE SERVICES LIMITED P.O. BOX 218 43-45 LA MOTTE STREET; ST. HELIER JE4 8SD; JERSEY UNITED KINGDOM,531046,18-MAY-1999,14-AUG-2015,31-OCT-2016,,Changed agent,Mossack Fonseca,325347,JEY,Jersey,Panama Papers,The Panama Papers data is current through 2015,,company
10081904,AL-EX SERVICES LIMITED,AL-EX SERVICES LIMITED,,BVI,British Virgin Islands,,MINERVA TRUST & CORPORATE SERVICES LIMITED P.O. BOX 218 43-45 LA MOTTE STREET; ST. HELIER JE4 8SD; JERSEY UNITED KINGDOM,504069,13-SEP-1991,24-OCT-2012,30-APR-2013,,Defaulted,Mossack Fonseca,49581,JEY,Jersey,Panama Papers,The Panama Papers data is current through 2015,,company
10082649,KINGSLAND HOMES S.A.,KINGSLAND HOMES S.A.,,BVI,British Virgin Islands,,ISTHMUS PRIVATE CLIENTS S.A. 50TH AND 54TH EAST STREET MOSSFON BUILDING; THIRD FLOOR; OFFICE #2 MARBELLA PANAMA,527047,19-JUN-1998,11-MAR-2010,31-OCT-2010,,Defaulted,Mossack Fonseca,283684,PAN,Panama,Panama Papers,The Panama Papers data is current through 2015,,company
10082734,TV VISION LIMITED,TV VISION LIMITED,,BVI,British Virgin Islands,,MINERVA TRUST & CORPORATE SERVICES LIMITED P.O. BOX 218 43-45 LA MOTTE STREET; ST. HELIER JE4 8SD; JERSEY UNITED KINGDOM,528607,10-NOV-1998,02-MAY-2008,30-APR-2008,,Defaulted,Mossack Fonseca,300329,JEY,Jersey,Panama Papers,The Panama Papers data is current through 2015,,company
10086312,HOSPITALITY INTERNATIONAL COMPANY LIMITED,HOSPITALITY INTERNATIONAL COMPANY LIMITED,,BVI,British Virgin Islands,,MINERVA TRUST & CORPORATE SERVICES LIMITED P.O. BOX 218 43-45 LA MOTTE STREET; ST. HELIER JE4 8SD; JERSEY UNITED KINGDOM,542578,24-APR-2001,22-FEB-2010,31-OCT-2010,,Dissolved,Mossack Fonseca,441763,JEY,Jersey,Panama Papers,The Panama Papers data is current through 2015,,company
10086579,BOSCA S.A.,BOSCA S.A.,,BVI,British Virgin Islands,,MINERVA TRUST & CORPORATE SERVICES LIMITED P.O. BOX 218 43-45 LA MOTTE STREET; ST. HELIER JE4 8SD; JERSEY UNITED KINGDOM,534285,04-JAN-2000,01-NOV-2005,31-OCT-2005,,Defaulted,Mossack Fonseca,359202,JEY,Jersey,Panama Papers,The Panama Papers data is current through 2015,,company
10088728,KANKU FINANCE LIMITED,KANKU FINANCE LIMITED,,BVI,British Virgin Islands,,MINERVA TRUST & CORPORATE SERVICES LIMITED P.O. BOX 218 43-45 LA MOTTE STREET; ST. HELIER JE4 8SD; JERSEY UNITED KINGDOM,541829,22-OCT-1998,,,,Active,Mossack Fonseca,298114,JEY,Jersey,Panama Papers,The Panama Papers data is current through 2015,,company
10089022,ZEEKA LIMITED,ZEEKA LIMITED,,BVI,British Virgin Islands,,MINERVA TRUST & CORPORATE SERVICES LIMITED P.O. BOX 218 43-45 LA MOTTE STREET; ST. HELIER JE4 8SD; JERSEY UNITED KINGDOM,541342,07-FEB-2001,01-NOV-2006,31-OCT-2006,,Defaulted,Mossack Fonseca,430933,JEY,Jersey,Panama Papers,The Panama Papers data is current through 2015,,company
10089278,KESHNI PROPERTIES LIMITED,KESHNI PROPERTIES LIMITED,,BVI,British Virgin Islands,,MINERVA TRUST & CORPORATE SERVICES LIMITED P.O. BOX 218 43-45 LA MOTTE STREET; ST. HELIER JE4 8SD; JERSEY UNITED KINGDOM,541831,12-JAN-1999,12-JAN-2015,31-OCT-2015,,Dissolved,Mossack Fonseca,308171,JEY,Jersey,Panama Papers,The Panama Papers data is current through 2015,,company
10089408,PUNJA INVESTMENTS LIMITED,PUNJA INVESTMENTS LIMITED,,BVI,British Virgin Islands,,MINERVA TRUST & CORPORATE SERVICES LIMITED P.O. BOX 218 43-45 LA MOTTE STREET; ST. HELIER JE4 8SD; JERSEY UNITED KINGDOM,544342,18-MAR-1999,,,,Active,Mossack Fonseca,317173,JEY,Jersey,Panama Papers,The Panama Papers data is current through 2015,,company
10090075,INTERNATIONAL FINANCE AND INVESTMENTS LTD.,INTERNATIONAL FINANCE AND INVESTMENTS LTD.,,BVI,British Virgin Islands,,"MINERVA FIDUCIARY SERVICES (MAURITIUS) LIMITED SUITE 2004, LEVEL 2 ALEXANDER HOUSE 35 CYBERCITY EBENE MAURITIUS PORT LOUIS MAURITIUS",541826,09-NOV-1999,,,,Active,Mossack Fonseca,351988,MUS,Mauritius,Panama Papers,The Panama Papers data is current through 2015,,company
10090096,BAXTER PROPERTY HOLDINGS LTD.,BAXTER PROPERTY HOLDINGS LTD.,,BVI,British Virgin Islands,,MINERVA TRUST & CORPORATE SERVICES LIMITED P.O. BOX 218 43-45 LA MOTTE STREET; ST. HELIER JE4 8SD; JERSEY UNITED KINGDOM,546747,16-JAN-2002,,,,Active,Mossack Fonseca,478752,JEY,Jersey,Panama Papers,The Panama Papers data is current through 2015,,company
10090180,HELENDALE HOLDINGS LIMITED,HELENDALE HOLDINGS LIMITED,,BVI,British Virgin Islands,,MINERVA TRUST & CORPORATE SERVICES LIMITED P.O. BOX 218 43-45 LA MOTTE STREET; ST. HELIER JE4 8SD; JERSEY UNITED KINGDOM,542699,04-MAY-2001,13-OCT-2015,31-OCT-2016,,Changed agent,Mossack Fonseca,443046,JEY,Jersey,Panama Papers,The Panama Papers data is current through 2015,,company
10090393,KYBER LIMITED,KYBER LIMITED,,BVI,British Virgin Islands,,MINERVA TRUST & CORPORATE SERVICES LIMITED P.O. BOX 218 43-45 LA MOTTE STREET; ST. HELIER JE4 8SD; JERSEY UNITED KINGDOM,539033,14-SEP-2000,02-MAY-2007,30-APR-2007,,Defaulted,Mossack Fonseca,406709,JEY,Jersey,Panama Papers,The Panama Papers data is current through 2015,,company
10091516,HOLLYCROFT MANAGEMENT LIMITED,HOLLYCROFT MANAGEMENT LIMITED,,BVI,British Virgin Islands,,MINERVA TRUST & CORPORATE SERVICES LIMITED P.O. BOX 218 43-45 LA MOTTE STREET; ST. HELIER JE4 8SD; JERSEY UNITED KINGDOM,543330,11-JUN-2001,,,,Active,Mossack Fonseca,448487,JEY,Jersey,Panama Papers,The Panama Papers data is current through 2015,,company
10091540,ARNEVALE S.A.,ARNEVALE S.A.,,BVI,British Virgin Islands,,HELM TRUST COMPANY LIMITED 1ST FLOOR; 17 BOND STREET  ST. HELIER; JERSEY JE2 3NP CHANNEL ISLANDS *S.I.*,546522,02-JAN-2002,,,,Active,Mossack Fonseca,474618,JEY,Jersey,Panama Papers,The Panama Papers data is current through 2015,,company
10091842,ELSDEN ASSOCIATES LIMITED,ELSDEN ASSOCIATES LIMITED,,BVI,British Virgin Islands,,ATLANTIQUE (BVI) LIMITED 3RD FLOOR; 37 ESPLANADE CHANNEL ISLANDS ST. HELIER JE2 3QA; JERSEY UNITED KINGDOM,548419,15-MAY-2002,,,,Active,Mossack Fonseca,496079,JEY,Jersey,Panama Papers,The Panama Papers data is current through 2015,,company
10091952,COUNTRY TOWER STUDIOS LIMITED,COUNTRY TOWER STUDIOS LIMITED EX- WOW VENTURES LIMITED,WOW VENTURES LIMITED,BVI,British Virgin Islands,,MINERVA TRUST & CORPORATE SERVICES LIMITED P.O. BOX 218 43-45 LA MOTTE STREET; ST. HELIER JE4 8SD; JERSEY UNITED KINGDOM,545549,08-NOV-2001,,,,Active,Mossack Fonseca,469038,JEY,Jersey,Panama Papers,The Panama Papers data is current through 2015,,company
10092104,EMERALD & SAPPHIRE HOLDINGS LIMITED,EMERALD & SAPPHIRE HOLDINGS LIMITED,,BVI,British Virgin Islands,,MINERVA TRUST & CORPORATE SERVICES LIMITED P.O. BOX 218 43-45 LA MOTTE STREET; ST. HELIER JE4 8SD; JERSEY UNITED KINGDOM,541813,07-NOV-1994,,,,Active,Mossack Fonseca,132552,JEY,Jersey,Panama Papers,The Panama Papers data is current through 2015,,company
10092106,HOLLYSPRINGS HOLDINGS LIMITED,HOLLYSPRINGS HOLDINGS LIMITED,,BVI,British Virgin Islands,,MINERVA TRUST & CORPORATE SERVICES LIMITED P.O. BOX 218 43-45 LA MOTTE STREET; ST. HELIER JE4 8SD; JERSEY UNITED KINGDOM,541825,07-JUL-1999,02-FEB-2006,30-APR-2007,,Dissolved,Mossack Fonseca,332961,JEY,Jersey,Panama Papers,The Panama Papers data is current through 2015,,company
10093307,KILKEE MANAGEMENT LIMITED,KILKEE MANAGEMENT LIMITED,,BVI,British Virgin Islands,,MINERVA TRUST & CORPORATE SERVICES LIMITED P.O. BOX 218 43-45 LA MOTTE STREET; ST. HELIER JE4 8SD; JERSEY UNITED KINGDOM,538484,16-AUG-2000,,30-APR-2013,,Inactivated,Mossack Fonseca,401868,JEY,Jersey,Panama Papers,The Panama Papers data is current through 2015,,company
10093473,CLARA PROPERTIES LIMITED,CLARA PROPERTIES LIMITED,,BVI,British Virgin Islands,,MINERVA TRUST & CORPORATE SERVICES LIMITED P.O. BOX 218 43-45 LA MOTTE STREET; ST. HELIER JE4 8SD; JERSEY UNITED KINGDOM,547286,05-MAR-2002,,,,Active,Mossack Fonseca,485606,JEY,Jersey,Panama Papers,The Panama Papers data is current through 2015,,company
10093486,ROYALWAVE HOLDINGS LIMITED,ROYALWAVE HOLDINGS LIMITED,,BVI,British Virgin Islands,,MINERVA TRUST & CORPORATE SERVICES LIMITED P.O. BOX 218 43-45 LA MOTTE STREET; ST. HELIER JE4 8SD; JERSEY UNITED KINGDOM,541806,14-DEC-1999,02-DEC-2010,30-APR-2011,,Defaulted,Mossack Fonseca,356949,JEY,Jersey,Panama Papers,The Panama Papers data is current through 2015,,company
10093494,ROCKEAGLE OVERSEAS CORPORATION,ROCKEAGLE OVERSEAS CORPORATION,,BVI,British Virgin Islands,,MINERVA TRUST & CORPORATE SERVICES LIMITED P.O. BOX 218 43-45 LA MOTTE STREET; ST. HELIER JE4 8SD; JERSEY UNITED KINGDOM,541839,04-MAR-1998,,,,Active,Mossack Fonseca,270314,JEY,Jersey,Panama Papers,The Panama Papers data is current through 2015,,company
10093510,BERTHA ENTERPRISES LIMITED,BERTHA ENTERPRISES LIMITED,,BVI,British Virgin Islands,,OSIRIS MANAGEMENT SERVICES LIMITED P O BOX 437 KENSINGTON CHAMBERS 46-50 KENSINGTON PLACE ST HELIER JERSEY JE4 0ZE,550870,03-OCT-2002,,,,Active,Mossack Fonseca,516086,JEY,Jersey,Panama Papers,The Panama Papers data is current through 2015,,company
10094056,MILBORNE COMMERCIAL SERVICES LIMITED,MILBORNE COMMERCIAL SERVICES LIMITED,,BVI,British Virgin Islands,,MINERVA TRUST & CORPORATE SERVICES LIMITED P.O. BOX 218 43-45 LA MOTTE STREET; ST. HELIER JE4 8SD; JERSEY UNITED KINGDOM,541988,15-MAR-2001,06-NOV-2008,31-OCT-2008,,Defaulted,Mossack Fonseca,436354,JEY,Jersey,Panama Papers,The Panama Papers data is current through 2015,,company
10094885,WAND PROPERTIES LIMITED,WAND PROPERTIES LIMITED,,BVI,British Virgin Islands,,MINERVA TRUST & CORPORATE SERVICES LIMITED P.O. BOX 218 43-45 LA MOTTE STREET; ST. HELIER JE4 8SD; JERSEY UNITED KINGDOM,548708,31-MAY-2002,,,,Active,Mossack Fonseca,498308,JEY,Jersey,Panama Papers,The Panama Papers data is current through 2015,,company
10096072,BEECHVIEW PROPERTIES LIMITED,BEECHVIEW PROPERTIES LIMITED,,BVI,British Virgin Islands,,MINERVA TRUST & CORPORATE SERVICES LIMITED P.O. BOX 218 43-45 LA MOTTE STREET; ST. HELIER JE4 8SD; JERSEY UNITED KINGDOM,553344,25-FEB-2003,,,,Active,Mossack Fonseca,534981,JEY,Jersey,Panama Papers,The Panama Papers data is current through 2015,,company
10096949,RAYSDEN INTERNATIONAL LIMITED,RAYSDEN INTERNATIONAL LIMITED,,BVI,British Virgin Islands,,MINERVA TRUST & CORPORATE SERVICES LIMITED P.O. BOX 218 43-45 LA MOTTE STREET; ST. HELIER JE4 8SD; JERSEY UNITED KINGDOM,551275,04-NOV-2002,,,,Active,Mossack Fonseca,519604,JEY,Jersey,Panama Papers,The Panama Papers data is current through 2015,,company
10097498,ALPORT LIMITED,ALPORT LIMITED,,BVI,British Virgin Islands,,ORBIS ADVISORY PTE LTD. 8 TEMASEK BOULEVARD #32-01 SUNTEC TOWER 3 SINGAPORE 038988,544516,23-AUG-2001,,,,Active,Mossack Fonseca,459639,SGP,Singapore,Panama Papers,The Panama Papers data is current through 2015,,company
10097641,NILE OVERSEAS FINANCE & DEVELOPMENT LIMITED,NILE OVERSEAS FINANCE & DEVELOPMENT LIMITED,,BVI,British Virgin Islands,,"MINERVA FIDUCIARY SERVICES (MAURITIUS) LIMITED SUITE 2004, LEVEL 2 ALEXANDER HOUSE 35 CYBERCITY EBENE MAURITIUS PORT LOUIS MAURITIUS",547426,14-MAR-2002,,,,Active,Mossack Fonseca,486974,MUS,Mauritius,Panama Papers,The Panama Papers data is current through 2015,,company
10098284,COEL ENTERPRISES LIMITED,COEL ENTERPRISES LIMITED,,BVI,British Virgin Islands,,MINERVA TRUST & CORPORATE SERVICES LIMITED P.O. BOX 218 43-45 LA MOTTE STREET; ST. HELIER JE4 8SD; JERSEY UNITED KINGDOM,555118,06-JUN-2003,01-NOV-2006,31-OCT-2006,,Defaulted,Mossack Fonseca,547441,JEY,Jersey,Panama Papers,The Panama Papers data is current through 2015,,company
10099063,GREENWAY ESTATES LIMITED,GREENWAY ESTATES LIMITED,,BVI,British Virgin Islands,,MINERVA TRUST & CORPORATE SERVICES LIMITED P.O. BOX 218 43-45 LA MOTTE STREET; ST. HELIER JE4 8SD; JERSEY UNITED KINGDOM,555875,18-JUL-2003,03-SEP-2013,30-APR-2014,,Dissolved,Mossack Fonseca,553029,JEY,Jersey,Panama Papers,The Panama Papers data is current through 2015,,company
10099709,GOLFSTREAM SHIPPING LIMITED,GOLFSTREAM SHIPPING LIMITED,,BVI,British Virgin Islands,,MINERVA TRUST & CORPORATE SERVICES LIMITED P.O. BOX 218 43-45 LA MOTTE STREET; ST. HELIER JE4 8SD; JERSEY UNITED KINGDOM,547703,08-APR-2002,19-APR-2007,31-OCT-2007,,Dissolved,Mossack Fonseca,490553,JEY,Jersey,Panama Papers,The Panama Papers data is current through 2015,,company
10099889,COLMA FINANCE LIMITED,COLMA FINANCE LIMITED,,BVI,British Virgin Islands,,MINERVA TRUST & CORPORATE SERVICES LIMITED P.O. BOX 218 43-45 LA MOTTE STREET; ST. HELIER JE4 8SD; JERSEY UNITED KINGDOM,556875,17-SEP-2003,03-MAY-2006,30-APR-2006,,Defaulted,Mossack Fonseca,560309,JEY,Jersey,Panama Papers,The Panama Papers data is current through 2015,,company
10100117,ASHTONVILLA ENTERPRISES LTD.,ASHTONVILLA ENTERPRISES LTD.,,BVI,British Virgin Islands,,MINERVA TRUST & CORPORATE SERVICES LIMITED P.O. BOX 218 43-45 LA MOTTE STREET; ST. HELIER JE4 8SD; JERSEY UNITED KINGDOM,557608,17-OCT-2003,23-MAR-2006,30-APR-2007,,Dissolved,Mossack Fonseca,564647,JEY,Jersey,Panama Papers,The Panama Papers data is current through 2015,,company
10100193,GENESIS 2001 LIMITED,GENESIS 2001 LIMITED,,BVI,British Virgin Islands,,MINERVA TRUST & CORPORATE SERVICES LIMITED P.O. BOX 218 43-45 LA MOTTE STREET; ST. HELIER JE4 8SD; JERSEY UNITED KINGDOM,547112,13-FEB-2002,,,,Active,Mossack Fonseca,483154,JEY,Jersey,Panama Papers,The Panama Papers data is current through 2015,,company
10100765,PROSPECT BRIDGE LIMITED,PROSPECT BRIDGE LIMITED,,BVI,British Virgin Islands,,MINERVA TRUST & CORPORATE SERVICES LIMITED P.O. BOX 218 43-45 LA MOTTE STREET; ST. HELIER JE4 8SD; JERSEY UNITED KINGDOM,552739,17-JAN-2000,03-SEP-2013,31-OCT-2013,,Dissolved,Mossack Fonseca,363662,JEY,Jersey,Panama Papers,The Panama Papers data is current through 2015,,company
10101194,CRANMERE MARKETING LIMITED,CRANMERE MARKETING LIMITED,,BVI,British Virgin Islands,,MINERVA TRUST & CORPORATE SERVICES LIMITED P.O. BOX 218 43-45 LA MOTTE STREET; ST. HELIER JE4 8SD; JERSEY UNITED KINGDOM,549113,02-JUL-2002,03-JUN-2015,30-APR-2016,,Dissolved,Mossack Fonseca,502757,JEY,Jersey,Panama Papers,The Panama Papers data is current through 2015,,company
10101693,KINAN FINANCE LIMITED,KINAN FINANCE LIMITED,,BVI,British Virgin Islands,,MINERVA TRUST & CORPORATE SERVICES LIMITED P.O. BOX 218 43-45 LA MOTTE STREET; ST. HELIER JE4 8SD; JERSEY UNITED KINGDOM,558023,12-NOV-2003,04-MAY-2015,30-APR-2015,,Defaulted,Mossack Fonseca,567526,JEY,Jersey,Panama Papers,The Panama Papers data is current through 2015,,company
10101865,PARKFIELD OVERSEAS LIMITED,PARKFIELD OVERSEAS LIMITED,,BVI,British Virgin Islands,,MINERVA MIDDLE EAST JLT UNIT NO. 2102; SABA TOWER 1; PLOT NO. E3 JUMEIRAH LAKES TOWERS; P.O. BOX 24075 DUBAI UNITED ARAB EMIRATES,548055,23-APR-2002,,,,Active,Mossack Fonseca,492899,ARE,United Arab Emirates,Panama Papers,The Panama Papers data is current through 2015,,company
10102266,KAYRA LIMITED,KAYRA LIMITED,,BVI,British Virgin Islands,,MINERVA TRUST & CORPORATE SERVICES LIMITED P.O. BOX 218 43-45 LA MOTTE STREET; ST. HELIER JE4 8SD; JERSEY UNITED KINGDOM,532131,02-JUL-1999,03-JUN-2010,30-APR-2011,,Changed agent,Mossack Fonseca,331155,JEY,Jersey,Panama Papers,The Panama Papers data is current through 2015,,company
10103058,LAMKIN S.A.,LAMKIN S.A.,,BVI,British Virgin Islands,,MINERVA TRUST & CORPORATE SERVICES LIMITED P.O. BOX 218 43-45 LA MOTTE STREET; ST. HELIER JE4 8SD; JERSEY UNITED KINGDOM,553635,13-MAR-2003,02-NOV-2009,31-OCT-2009,,Defaulted,Mossack Fonseca,537434,JEY,Jersey,Panama Papers,The Panama Papers data is current through 2015,,company
10103317,BROADWAY ESTATES LIMITED,BROADWAY ESTATES LIMITED,,BVI,British Virgin Islands,,MINERVA TRUST & CORPORATE SERVICES LIMITED P.O. BOX 218 43-45 LA MOTTE STREET; ST. HELIER JE4 8SD; JERSEY UNITED KINGDOM,553394,28-FEB-2003,04-JUN-2007,31-OCT-2007,,Defaulted,Mossack Fonseca,535492,JEY,Jersey,Panama Papers,The Panama Papers data is current through 2015,,company
10104202,BEADE INTERNATIONAL LIMITED,BEADE INTERNATIONAL LIMITED,,BVI,British Virgin Islands,,MINERVA TRUST & CORPORATE SERVICES LIMITED P.O. BOX 218 43-45 LA MOTTE STREET; ST. HELIER JE4 8SD; JERSEY UNITED KINGDOM,557945,10-NOV-2003,02-MAY-2008,30-APR-2008,,Defaulted,Mossack Fonseca,567223,JEY,Jersey,Panama Papers,The Panama Papers data is current through 2015,,company
10104962,EDRA SECURITIES LIMITED,EDRA SECURITIES LIMITED,,BVI,British Virgin Islands,,FINANCIAL CONSULTANTS (JERSEY) LIMITED CENTENARY HOUSE LA GRANDE ROUTE DE ST PIERRE ST PETER JERSEY JE3 7AY,560555,17-MAR-2004,,,,Active,Mossack Fonseca,586713,JEY,Jersey,Panama Papers,The Panama Papers data is current through 2015,,company
10104967,CHAVER LIMITED,CHAVER LIMITED,,BVI,British Virgin Islands,,MINERVA TRUST & CORPORATE SERVICES LIMITED P.O. BOX 218 43-45 LA MOTTE STREET; ST. HELIER JE4 8SD; JERSEY UNITED KINGDOM,563029,07-JUL-2004,,,,Active,Mossack Fonseca,604998,JEY,Jersey,Panama Papers,The Panama Papers data is current through 2015,,company
10105412,COMMERCIAL PROPERTY HOLDINGS LIMITED,COMMERCIAL PROPERTY HOLDINGS LIMITED,,BVI,British Virgin Islands,,"JERSEY TRUST COMPANY PO BOX 1075  ELIZABETH HOUSE 9 CASTLE STREET ST. HELIER, JERSEY JE4 2QP CHANNEL ISLANDS UNITED KINGDOM",557068,24-SEP-2003,30-MAR-2015,30-APR-2016,,Changed agent,Mossack Fonseca,561180,JEY,Jersey,Panama Papers,The Panama Papers data is current through 2015,,company
10105624,ALFIE SERVICES LIMITED,ALFIE SERVICES LIMITED,,BVI,British Virgin Islands,,MINERVA TRUST & CORPORATE SERVICES LIMITED P.O. BOX 218 43-45 LA MOTTE STREET; ST. HELIER JE4 8SD; JERSEY UNITED KINGDOM,557197,01-OCT-2003,03-MAY-2006,30-APR-2006,,Defaulted,Mossack Fonseca,562384,JEY,Jersey,Panama Papers,The Panama Papers data is current through 2015,,company
10105785,RICKARD HOLDINGS LIMITED,RICKARD HOLDINGS LIMITED,,BVI,British Virgin Islands,,MINERVA TRUST & CORPORATE SERVICES LIMITED P.O. BOX 218 43-45 LA MOTTE STREET; ST. HELIER JE4 8SD; JERSEY UNITED KINGDOM,557430,10-OCT-2003,,,,Active,Mossack Fonseca,563793,JEY,Jersey,Panama Papers,The Panama Papers data is current through 2015,,company
10106155,HUDLOCK MINERALS LIMITED,HUDLOCK MINERALS LIMITED,,BVI,British Virgin Islands,,MINERVA TRUST & CORPORATE SERVICES LIMITED P.O. BOX 218 43-45 LA MOTTE STREET; ST. HELIER JE4 8SD; JERSEY UNITED KINGDOM,565000,08-OCT-2004,02-MAY-2007,30-APR-2007,,Defaulted,Mossack Fonseca,618202,JEY,Jersey,Panama Papers,The Panama Papers data is current through 2015,,company
10106473,AMY DEVELOPMENTS LIMITED,AMY DEVELOPMENTS LIMITED,,BVI,British Virgin Islands,,FINANCIAL CONSULTANTS (JERSEY) LIMITED CENTENARY HOUSE LA GRANDE ROUTE DE ST PIERRE ST PETER JERSEY JE3 7AY,560688,23-MAR-2004,,,,Active,Mossack Fonseca,587712,JEY,Jersey,Panama Papers,The Panama Papers data is current through 2015,,company
10107216,GRAND FIVE INVESTMENTS LIMITED,GRAND FIVE INVESTMENTS LIMITED,,BVI,British Virgin Islands,,"JERSEY TRUST COMPANY PO BOX 1075  ELIZABETH HOUSE 9 CASTLE STREET ST. HELIER, JERSEY JE4 2QP CHANNEL ISLANDS UNITED KINGDOM",559970,19-FEB-2004,28-JUN-2011,31-OCT-2012,,Changed agent,Mossack Fonseca,582598,JEY,Jersey,Panama Papers,The Panama Papers data is current through 2015,,company
10108611,URAVAN LIMITED,URAVAN LIMITED,,BVI,British Virgin Islands,,MINERVA TRUST & CORPORATE SERVICES LIMITED P.O. BOX 218 43-45 LA MOTTE STREET; ST. HELIER JE4 8SD; JERSEY UNITED KINGDOM,566623,17-DEC-2004,06-FEB-2007,30-APR-2008,,Dissolved,Mossack Fonseca,630705,JEY,Jersey,Panama Papers,The Panama Papers data is current through 2015,,company
10108842,KARVILLE COMPANY LIMITED,KARVILLE COMPANY LIMITED,,BVI,British Virgin Islands,,MINERVA TRUST & CORPORATE SERVICES LIMITED P.O. BOX 218 43-45 LA MOTTE STREET; ST. HELIER JE4 8SD; JERSEY UNITED KINGDOM,559947,20-FEB-2004,06-MAY-2013,31-OCT-2013,,Dissolved,Mossack Fonseca,582788,JEY,Jersey,Panama Papers,The Panama Papers data is current through 2015,,company
10108855,ALANNA SERVICES LIMITED,ALANNA SERVICES LIMITED,,BVI,British Virgin Islands,,MINERVA TRUST & CORPORATE SERVICES LIMITED P.O. BOX 218 43-45 LA MOTTE STREET; ST. HELIER JE4 8SD; JERSEY UNITED KINGDOM,557702,22-OCT-2003,05-MAY-2009,30-APR-2009,,Defaulted,Mossack Fonseca,565103,JEY,Jersey,Panama Papers,The Panama Papers data is current through 2015,,company
10110764,JADE VALLEY INVESTMENTS LIMITED,JADE VALLEY INVESTMENTS LIMITED,,BVI,British Virgin Islands,,MINERVA TRUST & CORPORATE SERVICES LIMITED P.O. BOX 218 43-45 LA MOTTE STREET; ST. HELIER JE4 8SD; JERSEY UNITED KINGDOM,570433,06-MAY-2005,,,,Active,Mossack Fonseca,655510,JEY,Jersey,Panama Papers,The Panama Papers data is current through 2015,,company
10110970,BEECHPORT INVESTMENTS LIMITED,BEECHPORT INVESTMENTS LIMITED,,BVI,British Virgin Islands,,MINERVA TRUST & CORPORATE SERVICES LIMITED P.O. BOX 218 43-45 LA MOTTE STREET; ST. HELIER JE4 8SD; JERSEY UNITED KINGDOM,572353,29-JUL-2005,24-JAN-2011,30-APR-2012,,Dissolved,Mossack Fonseca,669764,JEY,Jersey,Panama Papers,The Panama Papers data is current through 2015,,company
10111326,CADEN LIMITED,CADEN LIMITED,,BVI,British Virgin Islands,,MR. J T D DONNELLY CASTLE COMPANY SERVICES LIMITED PO BOX 32 SARK GY9 OSB CHANNEL ISLANDS *S.I.*,557344,09-OCT-2003,25-MAY-2011,30-APR-2012,,Inactivated,Mossack Fonseca,563595,CYM,Cayman Islands,Panama Papers,The Panama Papers data is current through 2015,,company
10112338,VELOUR FINANCE LIMITED,VELOUR FINANCE LIMITED,,BVI,British Virgin Islands,,"MINERVA FIDUCIARY SERVICES (MAURITIUS) LIMITED SUITE 2004, LEVEL 2 ALEXANDER HOUSE 35 CYBERCITY EBENE MAURITIUS PORT LOUIS MAURITIUS",568035,28-JAN-2005,,,,Active,Mossack Fonseca,639774,MUS,Mauritius,Panama Papers,The Panama Papers data is current through 2015,,company
10112944,PAYNE HOLDINGS LIMITED,PAYNE HOLDINGS LIMITED,,BVI,British Virgin Islands,,MINERVA TRUST & CORPORATE SERVICES LIMITED P.O. BOX 218 43-45 LA MOTTE STREET; ST. HELIER JE4 8SD; JERSEY UNITED KINGDOM,568636,03-JUN-1997,,,,Active,Mossack Fonseca,234291,JEY,Jersey,Panama Papers,The Panama Papers data is current through 2015,,company
10114012,BRITFORD LIMITED,BRITFORD LIMITED,,BVI,British Virgin Islands,,MINERVA TRUST & CORPORATE SERVICES LIMITED P.O. BOX 218 43-45 LA MOTTE STREET; ST. HELIER JE4 8SD; JERSEY UNITED KINGDOM,574343,01-MAY-1997,,31-OCT-2013,,Defaulted,Mossack Fonseca,229529,JEY,Jersey,Panama Papers,The Panama Papers data is current through 2015,,company
10114150,NOGARO LIMITED,NOGARO LIMITED,,BVI,British Virgin Islands,,"MOSSACK FONSECA & CO. (SINGAPORE) PTE LTD.  19 KEPPEL ROAD #03-05, 3RD STOREY JIT POH BUILDING SINGAPORE 089058 REPUBLIC OF SINGAPORE *S.I.*",567883,19-JAN-2005,29-OCT-2013,31-OCT-2014,,Changed agent,Mossack Fonseca,638412,SGP,Singapore,Panama Papers,The Panama Papers data is current through 2015,,company
10114521,HENVILLE INVESTMENTS LIMITED,HENVILLE INVESTMENTS LIMITED,,BVI,British Virgin Islands,,MINERVA TRUST & CORPORATE SERVICES LIMITED P.O. BOX 218 43-45 LA MOTTE STREET; ST. HELIER JE4 8SD; JERSEY UNITED KINGDOM,577434,04-APR-2006,,31-OCT-2016,,Dissolved,Mossack Fonseca,,JEY,Jersey,Panama Papers,The Panama Papers data is current through 2015,,company
10116732,JACANA ASSETS LTD.,JACANA ASSETS LTD.,,BVI,British Virgin Islands,,MINERVA TRUST & CORPORATE SERVICES LIMITED P.O. BOX 218 43-45 LA MOTTE STREET; ST. HELIER JE4 8SD; JERSEY UNITED KINGDOM,574220,08-AUG-1997,,,,Active,Mossack Fonseca,243598,JEY,Jersey,Panama Papers,The Panama Papers data is current through 2015,,company
10117137,FORTHALL LIMITED,FORTHALL LIMITED,,BVI,British Virgin Islands,,"MRS CHRISTINE CROWCH Heathfield Heathfield Avenue Sunninghill Ascot, BERKS SL5 0AL",571263,07-JUN-2005,,,,Active,Mossack Fonseca,660316,GBR,United Kingdom,Panama Papers,The Panama Papers data is current through 2015,,company
10117089,WARAMS SERVICES LIMITED,WARAMS SERVICES LIMITED,,BVI,British Virgin Islands,,"MOSSACK FONSECA & CO. (U.K.) LIMITED INVISION HOUSE WILBURY WAY, HITCHIN HERTFORDSHIRE SG4 OTW UNITED KINGDOM",574348,09-FEB-2000,,,,Active,Mossack Fonseca,368501,GBR,United Kingdom,Panama Papers,The Panama Papers data is current through 2015,,company
10117486,TENAX HOLDINGS LIMITED,TENAX HOLDINGS LIMITED,,BVI,British Virgin Islands,,MINERVA MIDDLE EAST JLT UNIT NO. 2102; SABA TOWER 1; PLOT NO. E3 JUMEIRAH LAKES TOWERS; P.O. BOX 24075 DUBAI UNITED ARAB EMIRATES,575618,03-JAN-2006,,,,Active,Mossack Fonseca,,ARE,United Arab Emirates,Panama Papers,The Panama Papers data is current through 2015,,company
10155456,Prime Asset Partners Limited,Prime Asset Partners Limited,,BVI,British Virgin Islands,,"DR. K. CHRYSOSTOMIDES & CO.  1 LAMBOUSA STREET 1095 NICOSIA, CYPRUS",6041333,21-AUG-2014,,,,Active,Mossack Fonseca,,CYP,Cyprus,Panama Papers,The Panama Papers data is current through 2015,,company
10120492,TRIO RESIDENTIAL INVESTMENTS LIMITED,TRIO RESIDENTIAL INVESTMENTS LIMITED,,BVI,British Virgin Islands,,MINERVA TRUST & CORPORATE SERVICES LIMITED P.O. BOX 218 43-45 LA MOTTE STREET; ST. HELIER JE4 8SD; JERSEY UNITED KINGDOM,574222,06-APR-1998,,,,Active,Mossack Fonseca,275220,JEY,Jersey,Panama Papers,The Panama Papers data is current through 2015,,company
10120598,TRIO INVESTMENT GROUP LTD.,TRIO INVESTMENT GROUP LTD.,,BVI,British Virgin Islands,,MINERVA TRUST & CORPORATE SERVICES LIMITED P.O. BOX 218 43-45 LA MOTTE STREET; ST. HELIER JE4 8SD; JERSEY UNITED KINGDOM,574221,13-MAY-1998,,,,Active,Mossack Fonseca,279367,JEY,Jersey,Panama Papers,The Panama Papers data is current through 2015,,company
10121634,DORRIGO LIMITED,DORRIGO LIMITED,,BVI,British Virgin Islands,,MINERVA TRUST COMPANY (SWITZERLAND) S.A. 6; PLACE DES EAUX-VIVES  1207; GENEVA SWITZERLAND,574344,23-AUG-2000,01-MAY-2012,30-APR-2012,,Defaulted,Mossack Fonseca,402742,CHE,Switzerland,Panama Papers,The Panama Papers data is current through 2015,,company
10122953,NIELSEN ENTERPRISES LIMITED,NIELSEN ENTERPRISES LIMITED,,BVI,British Virgin Islands,,MINERVA TRUST & CORPORATE SERVICES LIMITED P.O. BOX 218 43-45 LA MOTTE STREET; ST. HELIER JE4 8SD; JERSEY UNITED KINGDOM,579413,14-APR-1994,22-JUL-2014,31-OCT-2015,,Changed agent,Mossack Fonseca,114856,JEY,Jersey,Panama Papers,The Panama Papers data is current through 2015,,company
10124267,GULFSTREAM SECURITIES LIMITED,GULFSTREAM SECURITIES LIMITED,,BVI,British Virgin Islands,,MINERVA MIDDLE EAST JLT UNIT NO. 2102; SABA TOWER 1; PLOT NO. E3 JUMEIRAH LAKES TOWERS; P.O. BOX 24075 DUBAI UNITED ARAB EMIRATES,574346,22-FEB-1993,,,,Active,Mossack Fonseca,79240,ARE,United Arab Emirates,Panama Papers,The Panama Papers data is current through 2015,,company
10124860,NORTHFAIR LIMITED,NORTHFAIR LIMITED,,BVI,British Virgin Islands,,MINERVA TRUST & CORPORATE SERVICES LIMITED P.O. BOX 218 43-45 LA MOTTE STREET; ST. HELIER JE4 8SD; JERSEY UNITED KINGDOM,581692,25-OCT-2006,,,,Active,Mossack Fonseca,,JEY,Jersey,Panama Papers,The Panama Papers data is current through 2015,,company
10124904,KORRIGAN WORLD INVESTMENTS S.A.,KORRIGAN WORLD INVESTMENTS S.A.,,BVI,British Virgin Islands,,PRICE BAILEY FIDUCIARY LIMITED TOWN MILLS; RUE DU RE; PO BOX 511 ST. PETER PORT UNITED KINGDOM,579950,15-APR-1999,,,,Active,Mossack Fonseca,320631,GGY,Guernsey,Panama Papers,The Panama Papers data is current through 2015,,company
10126084,I & M GROUP HOLDINGS LIMITED,I & M GROUP HOLDINGS LIMITED,,BVI,British Virgin Islands,,"JERSEY TRUST COMPANY PO BOX 1075  ELIZABETH HOUSE 9 CASTLE STREET ST. HELIER, JERSEY JE4 2QP CHANNEL ISLANDS UNITED KINGDOM",580756,15-APR-2005,30-MAR-2015,31-OCT-2016,,Changed agent,Mossack Fonseca,651929,JEY,Jersey,Panama Papers,The Panama Papers data is current through 2015,,company
10127477,GLENVILLA PROPERTY HOLDINGS LTD,GLENVILLA PROPERTY HOLDINGS LTD,,BVI,British Virgin Islands,,"MOSSACK FONSECA & CO. (SINGAPORE) PTE LTD.  19 KEPPEL ROAD #03-05, 3RD STOREY JIT POH BUILDING SINGAPORE 089058 REPUBLIC OF SINGAPORE *S.I.*",576812,07-MAR-2006,29-OCT-2013,31-OCT-2014,,Changed agent,Mossack Fonseca,,SGP,Singapore,Panama Papers,The Panama Papers data is current through 2015,,company
10139061,BIYA HOLDINGS LIMITED,BIYA HOLDINGS LIMITED,,BVI,British Virgin Islands,,MINERVA TRUST & CORPORATE SERVICES LIMITED P.O. BOX 218 43-45 LA MOTTE STREET; ST. HELIER JE4 8SD; JERSEY UNITED KINGDOM,6007387,14-MAR-2008,15-OCT-2012,31-OCT-2013,,Changed agent,Mossack Fonseca,,JEY,Jersey,Panama Papers,The Panama Papers data is current through 2015,,company
10148244,Rosemallow Investment Limited,Rosemallow Investment Limited,,BVI,British Virgin Islands,,"MINERVA FIDUCIARY SERVICES (MAURITIUS) LIMITED SUITE 2004, LEVEL 2 ALEXANDER HOUSE 35 CYBERCITY EBENE MAURITIUS PORT LOUIS MAURITIUS",6013911,19-JAN-2005,,,,Active,Mossack Fonseca,,MUS,Mauritius,Panama Papers,The Panama Papers data is current through 2015,,company
10169708,EXECUTIVE DESIGN LIMITED,EXECUTIVE DESIGN LIMITED,,BAH,Bahamas,,MINERVA TRUST & CORPORATE SERVICES LIMITED P.O. BOX 218 43-45 LA MOTTE STREET; ST. HELIER JE4 8SD; JERSEY UNITED KINGDOM,800715,17-MAR-1992,27-JUL-2015,31-DEC-2016,,In transition,Mossack Fonseca,8606-B,JEY,Jersey,Panama Papers,The Panama Papers data is current through 2015,,company
10174136,QUANTUM OILFIELD MANAGEMENT LIMITED,QUANTUM OILFIELD MANAGEMENT LIMITED,,BAH,Bahamas,,MINERVA TRUST & CORPORATE SERVICES LIMITED P.O. BOX 218 43-45 LA MOTTE STREET; ST. HELIER JE4 8SD; JERSEY UNITED KINGDOM,809742,24-APR-1998,03-APR-2014,31-DEC-2014,,Dissolved,Mossack Fonseca,"75,286 B",JEY,Jersey,Panama Papers,The Panama Papers data is current through 2015,,company
10175113,SOUND SECURITIES LIMITED,SOUND SECURITIES LIMITED,,BAH,Bahamas,,MINERVA TRUST & CORPORATE SERVICES LIMITED P.O. BOX 218 43-45 LA MOTTE STREET; ST. HELIER JE4 8SD; JERSEY UNITED KINGDOM,801916,04-JAN-1994,23-APR-2012,31-DEC-2012,,Dissolved,Mossack Fonseca,19482B,JEY,Jersey,Panama Papers,The Panama Papers data is current through 2015,,company
10175155,METCALFE HOLDINGS LIMITED,METCALFE HOLDINGS LIMITED,,BAH,Bahamas,,MINERVA TRUST & CORPORATE SERVICES LIMITED P.O. BOX 218 43-45 LA MOTTE STREET; ST. HELIER JE4 8SD; JERSEY UNITED KINGDOM,807521,14-APR-1997,27-OCT-2009,31-DEC-2009,,Bad debt account,Mossack Fonseca,"56,679 B",JEY,Jersey,Panama Papers,The Panama Papers data is current through 2015,,company
10175686,SERENE LIMITED,SERENE LIMITED,,BAH,Bahamas,,CAPITAL GROWTH LIMITED SUITES 21 & 22 VICTORIA HOUSE 26 MAIN STREET PO BOX 394 GIBRALTAR,809364,25-FEB-1998,,,,Active,Mossack Fonseca,"72,731 B",GIB,Gibraltar,Panama Papers,The Panama Papers data is current through 2015,,company
10175730,PAIGE LIMITED,PAIGE LIMITED,,BAH,Bahamas,,MINERVA MIDDLE EAST JLT UNIT NO. 2102; SABA TOWER 1; PLOT NO. E3 JUMEIRAH LAKES TOWERS; P.O. BOX 24075 DUBAI UNITED ARAB EMIRATES,807986,11-JUL-1997,,,,Active,Mossack Fonseca,"62,136 B",ARE,United Arab Emirates,Panama Papers,The Panama Papers data is current through 2015,,company
10177338,PRIMARK LIMITED,PRIMARK LIMITED,,BAH,Bahamas,,MINERVA TRUST & CORPORATE SERVICES LIMITED P.O. BOX 218 43-45 LA MOTTE STREET; ST. HELIER JE4 8SD; JERSEY UNITED KINGDOM,800810,12-JUN-1992,24-APR-2014,31-DEC-2014,,Dissolved,Mossack Fonseca,9766-B,JEY,Jersey,Panama Papers,The Panama Papers data is current through 2015,,company
10177398,CORFIELD LIMITED,CORFIELD LIMITED,,BAH,Bahamas,,MINERVA TRUST & CORPORATE SERVICES LIMITED P.O. BOX 218 43-45 LA MOTTE STREET; ST. HELIER JE4 8SD; JERSEY UNITED KINGDOM,801466,10-AUG-1993,,,,Active,Mossack Fonseca,16471B,JEY,Jersey,Panama Papers,The Panama Papers data is current through 2015,,company
10178327,TRANSWELL INDUSTRIES LIMITED,TRANSWELL INDUSTRIES LIMITED,,BAH,Bahamas,,MINERVA TRUST & CORPORATE SERVICES LIMITED P.O. BOX 218 43-45 LA MOTTE STREET; ST. HELIER JE4 8SD; JERSEY UNITED KINGDOM,809377,27-FEB-1998,27-OCT-2009,31-DEC-2009,,Bad debt account,Mossack Fonseca,"72,829 B",JEY,Jersey,Panama Papers,The Panama Papers data is current through 2015,,company
10178871,HILLDALE LIMITED,HILLDALE LIMITED,,BAH,Bahamas,,MINERVA TRUST & CORPORATE SERVICES LIMITED P.O. BOX 218 43-45 LA MOTTE STREET; ST. HELIER JE4 8SD; JERSEY UNITED KINGDOM,809631,01-APR-1998,26-JUL-2011,31-DEC-2011,,Relocated in new jurisdiction,Mossack Fonseca,"73,728 B",JEY,Jersey,Panama Papers,The Panama Papers data is current through 2015,,company
10179028,SANDIA COMPANY LIMITED,SANDIA COMPANY LIMITED,,BAH,Bahamas,,"OVERSEAS MANAGEMENT COMPANY INC. P.O. BOX 0816-00548 PANAMA, REPUBLICA DE PANAMA",812692,07-APR-1998,02-JUN-2009,31-DEC-2009,,Changed agent,Mossack Fonseca,"74,661 B",PAN,Panama,Panama Papers,The Panama Papers data is current through 2015,,company
10179083,FLEG TRADING LTD,FLEG TRADING LTD,,BAH,Bahamas,,"CR. SANTIAGO LUSSICH TORRENDELL MISIONES Nº 1.371  PISO 4º ( C.P. 11.100 )  MONTEVIDEO, URUGUAY",809627,31-MAR-1998,05-JAN-2009,31-DEC-2008,,Defaulted,Mossack Fonseca,"73,694 B",URY,Uruguay,Panama Papers,The Panama Papers data is current through 2015,,company
10179416,PAIGE RESOURCES LIMITED,PAIGE RESOURCES LIMITED,,BAH,Bahamas,,MINERVA TRUST & CORPORATE SERVICES LIMITED P.O. BOX 218 43-45 LA MOTTE STREET; ST. HELIER JE4 8SD; JERSEY UNITED KINGDOM,813331,16-OCT-2000,16-DEC-2011,31-DEC-2012,,Defaulted,Mossack Fonseca,"115,212 B",JEY,Jersey,Panama Papers,The Panama Papers data is current through 2015,,company
10180417,MULLIGAN LIMITED,MULLIGAN LIMITED,,BAH,Bahamas,,MINERVA (MIDDLE EAST) LIMITED THE MONARCH BUSINESS TOWER LEVEL 9  1 SHEIKH ZAYED ROAD DUBAI UNITED ARAB EMIRATES,807461,03-APR-1997,,,,Active,Mossack Fonseca,"55,973 B",ARE,United Arab Emirates,Panama Papers,The Panama Papers data is current through 2015,,company
10181424,ANADALE INTERNATIONAL LIMITED,ANADALE INTERNATIONAL LIMITED,,BAH,Bahamas,,MINERVA TRUST & CORPORATE SERVICES LIMITED P.O. BOX 218 43-45 LA MOTTE STREET; ST. HELIER JE4 8SD; JERSEY UNITED KINGDOM,811390,14-JUN-1999,02-JAN-2015,31-DEC-2014,,Defaulted,Mossack Fonseca,"91,670 B",JEY,Jersey,Panama Papers,The Panama Papers data is current through 2015,,company
10181795,FRANI HOLDINGS LIMITED,FRANI HOLDINGS LIMITED,,BAH,Bahamas,,MINERVA TRUST & CORPORATE SERVICES LIMITED P.O. BOX 218 43-45 LA MOTTE STREET; ST. HELIER JE4 8SD; JERSEY UNITED KINGDOM,808489,06-OCT-1997,11-APR-2011,31-DEC-2012,,Dissolved,Mossack Fonseca,"66,801 B",JEY,Jersey,Panama Papers,The Panama Papers data is current through 2015,,company
10182411,WOODBERRY HOLDINGS LIMITED,WOODBERRY HOLDINGS LIMITED,,BAH,Bahamas,,MINERVA TRUST & CORPORATE SERVICES LIMITED P.O. BOX 218 43-45 LA MOTTE STREET; ST. HELIER JE4 8SD; JERSEY UNITED KINGDOM,811891,19-OCT-1999,02-JAN-2008,31-DEC-2007,,Defaulted,Mossack Fonseca,"97,594 B",JEY,Jersey,Panama Papers,The Panama Papers data is current through 2015,,company
10182721,INTERNATIONAL EQUIPMENT (BAHAMAS) LTD.,INTERNATIONAL EQUIPMENT (BAHAMAS) LTD.,,BAH,Bahamas,,MINERVA TRUST & CORPORATE SERVICES LIMITED P.O. BOX 218 43-45 LA MOTTE STREET; ST. HELIER JE4 8SD; JERSEY UNITED KINGDOM,807787,05-JUN-1997,05-JAN-2009,31-DEC-2008,,Defaulted,Mossack Fonseca,"59,156 B",JEY,Jersey,Panama Papers,The Panama Papers data is current through 2015,,company
10183256,OAO LIMITED,OAO LIMITED,,BAH,Bahamas,,MINERVA TRUST & CORPORATE SERVICES LIMITED P.O. BOX 218 43-45 LA MOTTE STREET; ST. HELIER JE4 8SD; JERSEY UNITED KINGDOM,813215,31-AUG-2000,04-JAN-2010,31-DEC-2009,,Defaulted,Mossack Fonseca,"113,343 B",JEY,Jersey,Panama Papers,The Panama Papers data is current through 2015,,company
10185311,MEDITERRANEAN CONSULTING LIMITED,MEDITERRANEAN CONSULTING LIMITED,,BAH,Bahamas,,MINERVA TRUST & CORPORATE SERVICES LIMITED P.O. BOX 218 43-45 LA MOTTE STREET; ST. HELIER JE4 8SD; JERSEY UNITED KINGDOM,813173,17-AUG-2000,,31-DEC-2012,,Defaulted,Mossack Fonseca,"112,868 B",JEY,Jersey,Panama Papers,The Panama Papers data is current through 2015,,company
10198707,CLIVE SECURITIES LIMITED,CLIVE SECURITIES LIMITED,,BVI,British Virgin Islands,,MINERVA TRUST & CORPORATE SERVICES LIMITED P.O. BOX 218 43-45 LA MOTTE STREET; ST. HELIER JE4 8SD; JERSEY UNITED KINGDOM,554619,07-MAY-2003,01-NOV-2005,31-OCT-2005,,Defaulted,Mossack Fonseca,544165,JEY,Jersey,Panama Papers,The Panama Papers data is current through 2015,,company
10198976,R & A PRECIOUS METALS LIMITED,R & A PRECIOUS METALS LIMITED,,BVI,British Virgin Islands,,MINERVA TRUST & CORPORATE SERVICES LIMITED P.O. BOX 218 43-45 LA MOTTE STREET; ST. HELIER JE4 8SD; JERSEY UNITED KINGDOM,554998,28-MAY-2003,01-NOV-2006,31-OCT-2006,,Defaulted,Mossack Fonseca,546445,JEY,Jersey,Panama Papers,The Panama Papers data is current through 2015,,company
10199125,ARVON PROPERTY HOLDINGS LTD.,ARVON PROPERTY HOLDINGS LTD.,,BVI,British Virgin Islands,,MINERVA TRUST & CORPORATE SERVICES LIMITED P.O. BOX 218 43-45 LA MOTTE STREET; ST. HELIER JE4 8SD; JERSEY UNITED KINGDOM,533153,30-SEP-1999,,30-APR-2014,,Inactivated,Mossack Fonseca,345899,JEY,Jersey,Panama Papers,The Panama Papers data is current through 2015,,company
10199651,GANDER PROPERTY HOLDINGS LTD.,GANDER PROPERTY HOLDINGS LTD.,,BVI,British Virgin Islands,,MINERVA TRUST & CORPORATE SERVICES LIMITED P.O. BOX 218 43-45 LA MOTTE STREET; ST. HELIER JE4 8SD; JERSEY UNITED KINGDOM,549418,10-JUL-2002,15-DEC-2015,30-APR-2017,,In transition,Mossack Fonseca,504511,JEY,Jersey,Panama Papers,The Panama Papers data is current through 2015,,company
10200239,GLENSVALLEY HOLDINGS LIMITED,GLENSVALLEY HOLDINGS LIMITED,,BVI,British Virgin Islands,,FINANCIAL CONSULTANTS (JERSEY) LIMITED CENTENARY HOUSE LA GRANDE ROUTE DE ST PIERRE ST PETER JERSEY JE3 7AY,557869,03-NOV-2003,07-FEB-2014,30-APR-2015,,Dissolved,Mossack Fonseca,566366,JEY,Jersey,Panama Papers,The Panama Papers data is current through 2015,,company
10200324,DOME MANAGEMENT SA,DOME MANAGEMENT SA,,BVI,British Virgin Islands,,MINERVA TRUST & CORPORATE SERVICES LIMITED P.O. BOX 218 43-45 LA MOTTE STREET; ST. HELIER JE4 8SD; JERSEY UNITED KINGDOM,558327,26-NOV-2003,,,,Active,Mossack Fonseca,569383,JEY,Jersey,Panama Papers,The Panama Papers data is current through 2015,,company
10200751,OVAL ESTATES LIMITED,OVAL ESTATES LIMITED,,BVI,British Virgin Islands,,MINERVA TRUST & CORPORATE SERVICES LIMITED P.O. BOX 218 43-45 LA MOTTE STREET; ST. HELIER JE4 8SD; JERSEY UNITED KINGDOM,559267,20-JAN-2004,,,,Active,Mossack Fonseca,578423,JEY,Jersey,Panama Papers,The Panama Papers data is current through 2015,,company
10200759,TREMONDE CORPORATION,TREMONDE CORPORATION,,BVI,British Virgin Islands,,MINERVA TRUST & CORPORATE SERVICES LIMITED P.O. BOX 218 43-45 LA MOTTE STREET; ST. HELIER JE4 8SD; JERSEY UNITED KINGDOM,535452,17-FEB-2000,26-AUG-2008,31-OCT-2009,,Inactivated,Mossack Fonseca,369879,JEY,Jersey,Panama Papers,The Panama Papers data is current through 2015,,company
10200971,NEALA COMPANY LIMITED,NEALA COMPANY LIMITED,,BVI,British Virgin Islands,,HELM TRUST COMPANY LIMITED 1ST FLOOR; 17 BOND STREET  ST. HELIER; JERSEY JE2 3NP CHANNEL ISLANDS *S.I.*,559839,16-FEB-2004,,,,Active,Mossack Fonseca,581668,JEY,Jersey,Panama Papers,The Panama Papers data is current through 2015,,company
10200986,ZANZIBAR TOURISM AND HOSPITALITY INVESTMENTS LIMITED,ZANZIBAR TOURISM AND HOSPITALITY INVESTMENTS LIMITED,,BVI,British Virgin Islands,,MINERVA TRUST & CORPORATE SERVICES LIMITED P.O. BOX 218 43-45 LA MOTTE STREET; ST. HELIER JE4 8SD; JERSEY UNITED KINGDOM,559566,23-JAN-2004,,,,Active,Mossack Fonseca,579121,JEY,Jersey,Panama Papers,The Panama Papers data is current through 2015,,company
10201600,FRIENDLY FINANCE LIMITED,FRIENDLY FINANCE LIMITED,,BVI,British Virgin Islands,,MINERVA TRUST & CORPORATE SERVICES LIMITED P.O. BOX 218 43-45 LA MOTTE STREET; ST. HELIER JE4 8SD; JERSEY UNITED KINGDOM,566541,15-DEC-2004,15-DEC-2015,30-APR-2017,,In transition,Mossack Fonseca,630191,JEY,Jersey,Panama Papers,The Panama Papers data is current through 2015,,company
10202418,ANNMAR RESOURCES LIMITED,ANNMAR RESOURCES LIMITED,,BVI,British Virgin Islands,,MARCUARD HERITAGE AG  TALSTRASSE 82  8001 ZURICH,541195,02-FEB-2001,01-NOV-2012,31-OCT-2012,,Defaulted,Mossack Fonseca,430361,CHE,Switzerland,Panama Papers,The Panama Papers data is current through 2015,,company
10202503,LORADO S.A.,LORADO S.A.,,BVI,British Virgin Islands,,"MANN MADE CORPORATE SERVICES LIMITED 19 - 21 CIRCULAR ROAD DOUGLAS  IM1 1AF,  ISLE OF MAN",541529,19-FEB-2001,,,,Active,Mossack Fonseca,432566,IMN,Isle of Man,Panama Papers,The Panama Papers data is current through 2015,,company
10202592,TROPICAL FINANCE LTD.,TROPICAL FINANCE LTD.,,BVI,British Virgin Islands,,MINERVA TRUST & CORPORATE SERVICES LIMITED P.O. BOX 218 43-45 LA MOTTE STREET; ST. HELIER JE4 8SD; JERSEY UNITED KINGDOM,541845,22-OCT-1999,27-NOV-2015,30-APR-2017,,In transition,Mossack Fonseca,349195,JEY,Jersey,Panama Papers,The Panama Papers data is current through 2015,,company
10202867,Bencameron Limited,Bencameron Limited,,BVI,British Virgin Islands,,HELM TRUST COMPANY LIMITED 1ST FLOOR; 17 BOND STREET  ST. HELIER; JERSEY JE2 3NP CHANNEL ISLANDS *S.I.*,570911,25-MAY-2005,,,,Active,Mossack Fonseca,658371,JEY,Jersey,Panama Papers,The Panama Papers data is current through 2015,,company
10203385,NESCOLL LIMITED,NESCOLL LIMITED,,BVI,British Virgin Islands,,MINERVA TRUST & CORPORATE SERVICES LIMITED P.O. BOX 218 43-45 LA MOTTE STREET; ST. HELIER JE4 8SD; JERSEY UNITED KINGDOM,579412,27-JAN-1993,22-JUL-2014,31-OCT-2015,,Changed agent,Mossack Fonseca,77606,JEY,Jersey,Panama Papers,The Panama Papers data is current through 2015,,company
10204408,EUROPEAN CREW LEASE LIMITED,EUROPEAN CREW LEASE LIMITED,,BVI,British Virgin Islands,,MINERVA TRUST & CORPORATE SERVICES LIMITED P.O. BOX 218 43-45 LA MOTTE STREET; ST. HELIER JE4 8SD; JERSEY UNITED KINGDOM,562310,18-JUN-2004,,31-OCT-2012,,Defaulted,Mossack Fonseca,601107,JEY,Jersey,Panama Papers,The Panama Papers data is current through 2015,,company
10204952,ROCKOVER RESOURCES LIMITED,ROCKOVER RESOURCES LIMITED,,BVI,British Virgin Islands,,"NORTHERN WYCHWOOD LIMITED 1ST FLOOR EXCHANGE HOUSE 54-58 ATHOL STREET DOUGLAS, ISLE OF MAN IM1 1JD",6010373,30-NOV-1999,,,,Active,Mossack Fonseca,354572,IMN,Isle of Man,Panama Papers,The Panama Papers data is current through 2015,,company
10205379,FERRY VIEW HOLDINGS LIMITED,FERRY VIEW HOLDINGS LIMITED,,BVI,British Virgin Islands,,MINERVA TRUST & CORPORATE SERVICES LIMITED P.O. BOX 218 43-45 LA MOTTE STREET; ST. HELIER JE4 8SD; JERSEY UNITED KINGDOM,563426,20-JUL-2004,,,,Active,Mossack Fonseca,606858,JEY,Jersey,Panama Papers,The Panama Papers data is current through 2015,,company
10206129,ENERGY DEPLOYMENT INTERNATIONAL INC.,ENERGY DEPLOYMENT INTERNATIONAL INC.,,BVI,British Virgin Islands,,MINERVA TRUST & CORPORATE SERVICES LIMITED P.O. BOX 218 43-45 LA MOTTE STREET; ST. HELIER JE4 8SD; JERSEY UNITED KINGDOM,574345,20-AUG-1990,02-MAY-2007,30-APR-2007,,Defaulted,Mossack Fonseca,33721,JEY,Jersey,Panama Papers,The Panama Papers data is current through 2015,,company
10206223,WINTRIS INC.,WINTRIS INC.,,BVI,British Virgin Islands,,LUXEMBOURG INTERNATIONAL CONSULTING S.A. 11; AVENUE DE LA PORTE NEUVE LUXEMBOURG CITY L-2227; LUXEMBOURG DISTRICT LUXEMBOURG,590298,09-OCT-2007,,,,Active,Mossack Fonseca,,LUX,Luxembourg,Panama Papers,The Panama Papers data is current through 2015,,company
10210092,HANGON PROPERTY HOLDINGS LIMITED,HANGON PROPERTY HOLDINGS LIMITED,,BVI,British Virgin Islands,,MOSSFON MANAGERS LTD. SAFFREY SQUARE; SUITE 205; BANK LANE P.O. BOX N-8188 NASSAU **S.I**; NEW PROVIDENCE ISLAND BAHAMAS,584956,27-FEB-2007,25-FEB-2008,31-OCT-2008,,Changed agent,Mossack Fonseca,,BHS,Bahamas,Panama Papers,The Panama Papers data is current through 2015,,company
10211538,LIGHTING DESIGN ASSOCIATES LIMITED,LIGHTING DESIGN ASSOCIATES LIMITED,,BAH,Bahamas,,MINERVA TRUST & CORPORATE SERVICES LIMITED P.O. BOX 218 43-45 LA MOTTE STREET; ST. HELIER JE4 8SD; JERSEY UNITED KINGDOM,810017,22-JUN-1998,28-JUL-2009,31-DEC-2010,,Dissolved,Mossack Fonseca,"77,899 B",JEY,Jersey,Panama Papers,The Panama Papers data is current through 2015,,company
